[
  {
    "op": "core/column-rename",
    "description": "Rename column id to menu_page_id",
    "oldColumnName": "id",
    "newColumnName": "menu_page_id"
  },
  {
    "op": "core/text-transform",
    "description": "Text transform on cells in column page_number using expression value.toNumber()",
    "engineConfig": {
      "mode": "row-based",
      "facets": []
    },
    "columnName": "page_number",
    "expression": "value.toNumber()",
    "onError": "keep-original",
    "repeat": false,
    "repeatCount": 10
  },
  {
    "op": "core/text-transform",
    "description": "Text transform on cells in column menu_id using expression value.toNumber()",
    "engineConfig": {
      "mode": "row-based",
      "facets": []
    },
    "columnName": "menu_id",
    "expression": "value.toNumber()",
    "onError": "keep-original",
    "repeat": false,
    "repeatCount": 10
  },
  {
    "op": "core/text-transform",
    "description": "Text transform on cells in column menu_page_id using expression value.toNumber()",
    "engineConfig": {
      "mode": "row-based",
      "facets": []
    },
    "columnName": "menu_page_id",
    "expression": "value.toNumber()",
    "onError": "keep-original",
    "repeat": false,
    "repeatCount": 10
  },
  {
    "op": "core/text-transform",
    "description": "Text transform on cells in column uuid using expression value.toUppercase()",
    "engineConfig": {
      "mode": "row-based",
      "facets": []
    },
    "columnName": "uuid",
    "expression": "value.toUppercase()",
    "onError": "keep-original",
    "repeat": false,
    "repeatCount": 10
  },
  {
    "op": "core/row-removal",
    "description": "Remove rows",
    "engineConfig": {
      "mode": "row-based",
      "facets": [
        {
          "omitError": false,
          "expression": "isBlank(value)",
          "selectBlank": false,
          "selection": [
            {
              "v": {
                "v": true,
                "l": "true"
              }
            }
          ],
          "selectError": false,
          "invert": false,
          "name": "full_height",
          "omitBlank": false,
          "type": "list",
          "columnName": "full_height"
        }
      ]
    }
  },
  {
    "op": "core/text-transform",
    "description": "Text transform on cells in column full_height using expression value.toNumber()",
    "engineConfig": {
      "mode": "row-based",
      "facets": []
    },
    "columnName": "full_height",
    "expression": "value.toNumber()",
    "onError": "keep-original",
    "repeat": false,
    "repeatCount": 10
  },
  {
    "op": "core/text-transform",
    "description": "Text transform on cells in column full_width using expression value.toNumber()",
    "engineConfig": {
      "mode": "row-based",
      "facets": []
    },
    "columnName": "full_width",
    "expression": "value.toNumber()",
    "onError": "keep-original",
    "repeat": false,
    "repeatCount": 10
  }
]