[
  {
    "op": "core/column-removal",
    "description": "Remove column Column",
    "columnName": "Column"
  },
  {
    "op": "core/text-transform",
    "description": "Text transform on cells in column id using expression value.toNumber()",
    "engineConfig": {
      "mode": "row-based",
      "facets": []
    },
    "columnName": "id",
    "expression": "value.toNumber()",
    "onError": "keep-original",
    "repeat": false,
    "repeatCount": 10
  },
  {
    "op": "core/text-transform",
    "description": "Text transform on cells in column menu_page_id using expression value.toNumber()",
    "engineConfig": {
      "mode": "row-based",
      "facets": []
    },
    "columnName": "menu_page_id",
    "expression": "value.toNumber()",
    "onError": "keep-original",
    "repeat": false,
    "repeatCount": 10
  },
  {
    "op": "core/text-transform",
    "description": "Text transform on cells in column price using expression value.toNumber()",
    "engineConfig": {
      "mode": "row-based",
      "facets": []
    },
    "columnName": "price",
    "expression": "value.toNumber()",
    "onError": "keep-original",
    "repeat": false,
    "repeatCount": 10
  },
  {
    "op": "core/text-transform",
    "description": "Text transform on cells in column high_price using expression value.toNumber()",
    "engineConfig": {
      "mode": "row-based",
      "facets": []
    },
    "columnName": "high_price",
    "expression": "value.toNumber()",
    "onError": "keep-original",
    "repeat": false,
    "repeatCount": 10
  },
  {
    "op": "core/text-transform",
    "description": "Text transform on cells in column dish_id using expression value.toNumber()",
    "engineConfig": {
      "mode": "row-based",
      "facets": []
    },
    "columnName": "dish_id",
    "expression": "value.toNumber()",
    "onError": "keep-original",
    "repeat": false,
    "repeatCount": 10
  },
  {
    "op": "core/text-transform",
    "description": "Text transform on cells in column xpos using expression value.toNumber()",
    "engineConfig": {
      "mode": "row-based",
      "facets": []
    },
    "columnName": "xpos",
    "expression": "value.toNumber()",
    "onError": "keep-original",
    "repeat": false,
    "repeatCount": 10
  },
  {
    "op": "core/text-transform",
    "description": "Text transform on cells in column ypos using expression value.toNumber()",
    "engineConfig": {
      "mode": "row-based",
      "facets": []
    },
    "columnName": "ypos",
    "expression": "value.toNumber()",
    "onError": "keep-original",
    "repeat": false,
    "repeatCount": 10
  },
  {
    "op": "core/column-split",
    "description": "Split column created_at by separator",
    "engineConfig": {
      "mode": "row-based",
      "facets": []
    },
    "columnName": "created_at",
    "guessCellType": true,
    "removeOriginalColumn": true,
    "mode": "separator",
    "separator": " ",
    "regex": false,
    "maxColumns": 0
  },
  {
    "op": "core/column-removal",
    "description": "Remove column created_at 3",
    "columnName": "created_at 3"
  },
  {
    "op": "core/column-split",
    "description": "Split column updated_at by separator",
    "engineConfig": {
      "mode": "row-based",
      "facets": []
    },
    "columnName": "updated_at",
    "guessCellType": true,
    "removeOriginalColumn": true,
    "mode": "separator",
    "separator": " ",
    "regex": false,
    "maxColumns": 0
  },
  {
    "op": "core/column-removal",
    "description": "Remove column updated_at 3",
    "columnName": "updated_at 3"
  },
  {
    "op": "core/text-transform",
    "description": "Text transform on cells in column created_at 1 using expression grel:value+\" \"+cells[\"created_at 2\"].value",
    "engineConfig": {
      "mode": "row-based",
      "facets": []
    },
    "columnName": "created_at 1",
    "expression": "grel:value+\" \"+cells[\"created_at 2\"].value",
    "onError": "keep-original",
    "repeat": false,
    "repeatCount": 10
  },
  {
    "op": "core/column-removal",
    "description": "Remove column created_at 2",
    "columnName": "created_at 2"
  },
  {
    "op": "core/text-transform",
    "description": "Text transform on cells in column updated_at 1 using expression grel:value+\" \"+cells[\"updated_at 2\"].value",
    "engineConfig": {
      "mode": "row-based",
      "facets": []
    },
    "columnName": "updated_at 1",
    "expression": "grel:value+\" \"+cells[\"updated_at 2\"].value",
    "onError": "keep-original",
    "repeat": false,
    "repeatCount": 10
  },
  {
    "op": "core/column-removal",
    "description": "Remove column updated_at 2",
    "columnName": "updated_at 2"
  },
  {
    "op": "core/text-transform",
    "description": "Text transform on cells in column created_at 1 using expression value.toDate()",
    "engineConfig": {
      "mode": "row-based",
      "facets": []
    },
    "columnName": "created_at 1",
    "expression": "value.toDate()",
    "onError": "keep-original",
    "repeat": false,
    "repeatCount": 10
  },
  {
    "op": "core/text-transform",
    "description": "Text transform on cells in column updated_at 1 using expression value.toDate()",
    "engineConfig": {
      "mode": "row-based",
      "facets": []
    },
    "columnName": "updated_at 1",
    "expression": "value.toDate()",
    "onError": "keep-original",
    "repeat": false,
    "repeatCount": 10
  },
  {
    "op": "core/column-rename",
    "description": "Rename column created_at 1 to created_at",
    "oldColumnName": "created_at 1",
    "newColumnName": "created_at"
  },
  {
    "op": "core/column-rename",
    "description": "Rename column updated_at 1 to updated_at",
    "oldColumnName": "updated_at 1",
    "newColumnName": "updated_at"
  }
]